classification,mean_pnl,win_rate,trades
Extreme Greed,-9.681504929095357,0.27383863080684595,818
Fear,189.28739195133898,0.3997201195852681,15721
Greed,5.4460007666451204,0.23529411764705882,3094
Neutral,76.74707447689346,0.4306803594351733,1558
